state,county,year,state datum (water level),acres below water level,total acreage (2000),percentage of total acreage below water level,assessed value of land below water level,assessed value of buildings/ improvements at least partly below water level,assessed value of land + improvements below water level,buildings at least partly below water level,tax parcels at least partly below water level,GEOID,variable,median_age,moe
Alaska,Dillingham Census Area,2050,mhhw,10,21032,5e-4,28907,313,29220,0,43,2070,B01002_001,30.2,0.4
Alaska,Kenai Peninsula Borough,2050,mhhw,20,10200000,0,16826,0,16826,0,34,2122,B01002_001,40.8,0.4
Alaska,Ketchikan Gateway Borough,2050,mhhw,41,3104127,0,1046593,1168052,2214645,0,798,2130,B01002_001,39.7,0.5
Alaska,Nome Census Area,2050,mhhw,15,18629,8e-4,1306552,129399,1435951,0,17,2180,B01002_001,28.3,0.4
Alaska,North Slope Borough,2050,mhhw,151319,57000000,0.0027,data not available,data not available,data not available,0,818,2185,B01002_001,35.2,1.3
Alaska,Petersburg Borough,2050,mhhw,0,84437,0,0,0,0,0,34,2195,B01002_001,42.8,4.2
Alaska,Sitka City and Borough,2050,mhhw,0,8145,0,data not available,data not available,data not available,0,0,2220,B01002_001,39.5,0.7
Alaska,Wrangell City and Borough,2050,mhhw,1,19206,1e-4,101204,82267,183471,0,401,2275,B01002_001,49.4,2.8
Alaska,Yakutat City and Borough,2050,mhhw,1031,4891427,2e-4,23437,0,23437,0,19,2282,B01002_001,36.9,4.7
Alabama,Baldwin,2050,mhw,5371,1056871,0.0051,data not available,data not available,data not available,435,6394,1003,B01002_001,43,0.3
Alabama,Clarke,2050,mhw,23,782549,0,28436,2686,31122,0,53,1025,B01002_001,42.5,0.8
Alabama,Mobile,2050,mhw,8048,754966,0.0107,5.28E+07,9.03E+07,1.43E+08,430,4039,1097,B01002_001,37.9,0.2
Alabama,Monroe,2050,mhw,4,652809,0,4155,0,4155,0,4,1099,B01002_001,43.3,0.5
Alabama,Washington,2050,mhw,1,682775,0,data not available,data not available,data not available,0,2,1129,B01002_001,43.7,0.6
California,Alameda,2050,mhw,382,590990,6e-4,3603321,3.61E+07,3.97E+07,87,771,6001,B01002_001,37.6,0.1
California,Contra Costa,2050,mhw,470,435283,0.0011,data not available,data not available,data not available,303,835,6013,B01002_001,39.7,0.1
California,Del Norte,2050,mhw,56,643457,1e-4,428489,43347,471836,0,277,6015,B01002_001,39.5,1.1
California,Humboldt,2050,mhw,1204,2304753,5e-4,2097805,1275375,3373180,24,1060,6023,B01002_001,38.4,0.3
California,Los Angeles,2050,mhw,41,3323552,0,2.19E+07,2.51E+07,4.69E+07,51,1450,6037,B01002_001,36.5,0.1
California,Marin,2050,mhw,758,324669,0.0023,data not available,data not available,data not available,874,2642,6041,B01002_001,46.8,0.1
California,Mendocino,2050,mhw,93,2243873,0,1469060,5007557,6476617,12,663,6045,B01002_001,43.1,0.3
California,Monterey,2050,mhw,347,2102137,2e-4,5380521,4378667,9759188,13,468,6053,B01002_001,34.4,0.1
California,Napa,2050,mhw,327,494287,7e-4,1169840,1196951,2366791,7,246,6055,B01002_001,41.3,0.4
California,Orange,2050,mhw,116,747107,2e-4,7.48E+07,1.49E+08,2.24E+08,181,1175,6059,B01002_001,38.1,0.2
California,Sacramento,2050,mhw,2647,557088,0.0048,3.35E+07,1.11E+08,1.45E+08,1196,1209,6067,B01002_001,36.2,0.1
California,San Diego,2050,mhw,301,7482053,0,2.78E+07,9.04E+07,1.18E+08,189,617,6073,B01002_001,35.8,0.1
California,San Francisco,2050,mhw,21,78121,3e-4,1021389,0,1021389,60,952,6075,B01002_001,38.2,0.1
California,San Joaquin,2050,mhw,1011,789960,0.0013,data not available,data not available,data not available,1260,1769,6077,B01002_001,34.3,0.1
California,San Luis Obispo,2050,mhw,136,2099693,1e-4,559651,13479,573130,11,195,6079,B01002_001,39.2,0.3
California,San Mateo,2050,mhw,501,587903,9e-4,data not available,data not available,data not available,3810,897,6081,B01002_001,39.7,0.2
California,Santa Barbara,2050,mhw,119,1738460,1e-4,2.33E+07,1699882,2.50E+07,2,305,6083,B01002_001,33.8,0.1
California,Santa Clara,2050,mhw,157,788701,2e-4,data not available,data not available,data not available,1,111,6085,B01002_001,37.1,0.1
California,Santa Cruz,2050,mhw,13,276349,0,data not available,data not available,data not available,1,167,6087,B01002_001,37.8,0.2
California,Solano,2050,mhw,11023,837590,0.0132,1.83E+07,2.55E+07,4.37E+07,223,1230,6095,B01002_001,38.1,0.2
California,Sonoma,2050,mhw,271,990827,3e-4,2691446,7642314,1.03E+07,12,781,6097,B01002_001,42.1,0.2
California,Ventura,2050,mhw,74,1163597,1e-4,1.33E+07,2.94E+07,4.27E+07,78,499,6111,B01002_001,38.1,0.2
California,Yolo,2050,mhw,19,638934,0,7841,0,7841,0,9,6113,B01002_001,31,0.2
Connecticut,Fairfield,2050,mhw,165,587829,3e-4,1920304,2.72E+08,2.74E+08,450,1273,9001,B01002_001,40.6,0.2
Connecticut,Hartford,2050,mhw,23,607949,0,79198,702960,782158,1,140,9003,B01002_001,40.4,0.1
Connecticut,Middlesex,2050,mhw,529,287567,0.0018,80477,data not available,80477,137,1490,9007,B01002_001,45.7,0.1
Connecticut,New Haven,2050,mhw,481,386072,0.0012,8720374,4.47E+07,5.34E+07,167,1716,9009,B01002_001,40.3,0.2
Connecticut,New London,2050,mhw,354,222267,0.0016,3995097,2578430,6573527,100,1413,9011,B01002_001,41.4,0.3
District of Columbia,District of Columbia,2050,mhw,152,32330,0.0047,2.15E+08,1.18E+09,1.39E+09,57,149,11001,B01002_001,34,0.1
Delaware,Kent,2050,mlw,1882,365425,0.0051,296734,99003,395737,4,410,10001,B01002_001,37.7,0.4
Delaware,New Castle,2050,mlw,3040,808991,0.0038,data not available,data not available,data not available,11,602,10003,B01002_001,38.4,0.2
Delaware,Sussex,2050,mlw,2573,584277,0.0044,2.31E+07,6797914,2.99E+07,91,2860,10005,B01002_001,49.6,0.1
Florida,Bay,2050,mhw,1928,471458,0.0041,7.98E+07,580890,8.04E+07,96,4633,12005,B01002_001,39.8,0.3
Florida,Brevard,2050,mhw,3858,826268,0.0047,1.26E+08,492334,1.27E+08,138,6263,12009,B01002_001,47.3,0.2
Florida,Broward,2050,mhw,894,2225935,4e-4,6.81E+08,7220237,6.88E+08,225,2753,12011,B01002_001,40.4,0.2
Florida,Charlotte,2050,mhw,76817,510609,0.1504,6.38E+07,2016669,6.59E+07,141,4753,12015,B01002_001,59.1,0.2
Florida,Citrus,2050,mhw,24687,394997,0.0625,1.34E+08,2274442,1.37E+08,605,2960,12017,B01002_001,56.5,0.3
Florida,Dixie,2050,mhw,5419,447543,0.0121,1.45E+07,223660,1.48E+07,225,1102,12029,B01002_001,46.5,0.8
Florida,Duval,2050,mhw,6690,449519,0.0149,2.62E+08,2.36E+08,4.98E+08,0,7109,12031,B01002_001,36.2,0.2
Florida,Escambia,2050,mhw,887,444257,0.002,7.43E+07,1849192,7.61E+07,45,1770,12033,B01002_001,37.2,0.3
Florida,Flagler,2050,mhw,6704,305732,0.0219,3.14E+07,927206,3.23E+07,206,3787,12035,B01002_001,51.3,0.3
Florida,Franklin,2050,mhw,8573,350406,0.0245,1.18E+08,449003,1.19E+08,72,2272,12037,B01002_001,46.4,1
Florida,Gilchrist,2050,mhw,12,226275,1e-4,96786,993,97779,0,55,12041,B01002_001,42.1,1.1
Florida,Gulf,2050,mhw,5765,353224,0.0163,3.59E+07,199924,3.61E+07,46,1139,12045,B01002_001,44.9,1.1
Florida,Hernando,2050,mhw,5103,310850,0.0164,1.39E+07,414794,1.44E+07,389,938,12053,B01002_001,49,0.2
Florida,Hillsborough,2050,mhw,1613,634620,0.0025,8.31E+07,1.17E+08,2.00E+08,395,4595,12057,B01002_001,37.2,0.1
Florida,Indian River,2050,mhw,357,444470,8e-4,7.13E+07,476553,7.18E+07,18,1564,12061,B01002_001,53.5,0.2
Florida,Jefferson,2050,mhw,2063,391380,0.0053,1091909,0,1091909,0,18,12065,B01002_001,48,0.6
Florida,Lee,2050,mhw,6822,501364,0.0136,3.22E+08,8.46E+07,4.06E+08,240,11489,12071,B01002_001,48.5,0.2
Florida,Levy,2050,mhw,5529,706787,0.0078,2.08E+07,35786,2.08E+07,69,1103,12075,B01002_001,46.9,0.6
Florida,Manatee,2050,mhw,1347,687783,0.002,8.20E+07,3369476,8.53E+07,190,3612,12081,B01002_001,48.3,0.2
Florida,Marion,2050,mhw,25,1025897,0,428931,45,428976,1,65,12083,B01002_001,48.7,0.2
Florida,Martin,2050,mhw,15186,636703,0.0239,1.24E+08,616592,1.24E+08,51,2120,12085,B01002_001,52.2,0.3
Florida,Miami-Dade,2050,mhw,125229,1187507,0.1055,8.04E+08,5.17E+08,1.32E+09,227,4063,12086,B01002_001,39.9,0.2
Florida,Monroe,2050,mhw,126763,681629,0.186,6.78E+08,1.54E+07,6.93E+08,787,20212,12087,B01002_001,47.7,0.3
Florida,Nassau,2050,mhw,2924,452339,0.0065,8924053,178366,9102419,39,1142,12089,B01002_001,45.3,0.3
Florida,Okaloosa,2050,mhw,271,638167,4e-4,3.24E+07,280445,3.27E+07,37,1705,12091,B01002_001,36.9,0.2
Florida,Palm Beach,2050,mhw,679,1378046,5e-4,4.16E+08,1.44E+08,5.61E+08,83,3007,12099,B01002_001,44.8,0.1
Florida,Pasco,2050,mhw,757,478300,0.0016,2.29E+07,189412,2.30E+07,145,3212,12101,B01002_001,44.5,0.1
Florida,Pinellas,2050,mhw,1285,1554415,8e-4,2.40E+08,1142255,2.41E+08,249,6972,12103,B01002_001,48.1,0.1
Florida,Putnam,2050,mhw,32799,484799,0.0677,5.21E+07,434770,5.25E+07,257,3169,12107,B01002_001,45.1,0.4
Florida,Santa Rosa,2050,mhw,1702,645144,0.0026,4.04E+07,361873,4.08E+07,35,2896,12113,B01002_001,39.9,0.4
Florida,Sarasota,2050,mhw,867,810949,0.0011,1.99E+08,3189842,2.02E+08,97,4522,12115,B01002_001,56.1,0.2
Florida,Seminole,2050,mhw,1420,187224,0.0076,1.30E+07,757744,1.38E+07,31,650,12117,B01002_001,39.2,0.2
Florida,St. Johns,2050,mhw,14954,395415,0.0378,3.81E+08,6514981,3.87E+08,284,4820,12109,B01002_001,43.7,0.3
Florida,St. Lucie,2050,mhw,1346,555693,0.0024,5.55E+07,364913,5.59E+07,30,1353,12111,B01002_001,45.1,0.2
Florida,Taylor,2050,mhw,9274,671077,0.0138,1.11E+07,169827,1.13E+07,135,770,12123,B01002_001,42,0.8
Florida,Volusia,2050,mhw,81148,838978,0.0967,1.19E+08,6.29E+07,1.82E+08,380,5648,12127,B01002_001,46.6,0.1
Florida,Wakulla,2050,mhw,5026,384135,0.0131,1.38E+07,56645,1.39E+07,49,907,12129,B01002_001,40.6,0.7
Florida,Walton,2050,mhw,2497,679756,0.0037,7.44E+07,818260,7.52E+07,109,3481,12131,B01002_001,44,0.4
Florida,Washington,2050,mhw,135,382060,4e-4,102035,9,102044,1,91,12133,B01002_001,41.5,0.6
Georgia,Bryan,2050,mhw,1785,161027,0.0111,data not available,data not available,data not available,11,326,13029,B01002_001,34.6,0.3
Georgia,Camden,2050,mhw,10437,398504,0.0262,data not available,data not available,data not available,19,1512,13039,B01002_001,32.8,0.4
Georgia,Charlton,2050,mhw,434,496544,9e-4,230992,40,231032,0,7,13049,B01002_001,41.2,1.6
Georgia,Chatham,2050,mhw,22417,257597,0.087,6.58E+07,3.92E+08,4.58E+08,209,2001,13051,B01002_001,35.6,0.1
Georgia,Effingham,2050,mhw,202,304094,7e-4,data not available,data not available,data not available,0,23,13103,B01002_001,36,0.2
Georgia,Glynn,2050,mhw,16198,258657,0.0626,data not available,data not available,data not available,357,755,13127,B01002_001,41.6,0.7
Georgia,Liberty,2050,mhw,3311,327833,0.0101,data not available,data not available,data not available,200,326,13179,B01002_001,28.4,0.2
Georgia,McIntosh,2050,mhw,6906,268864,0.0257,data not available,data not available,data not available,20,847,13191,B01002_001,49.4,0.6
Georgia,Wayne,2050,mhw,411,403574,0.001,data not available,data not available,data not available,0,8,13305,B01002_001,38.9,0.8
Hawaii,Hawaii,2050,mhhw,581,2574204,2e-4,2.57E+07,1.13E+08,1.39E+08,18,1290,15001,B01002_001,42.7,0.2
Hawaii,Honolulu,2050,mhhw,298,471640,6e-4,5.34E+08,1.76E+09,2.29E+09,92,2109,15003,B01002_001,37.9,0.2
Hawaii,Kauai,2050,mhhw,341,400040,9e-4,data not available,data not available,data not available,20,648,15007,B01002_001,42.6,0.5
Hawaii,Maui,2050,mhhw,350,1093729,3e-4,2.98E+07,3991747,3.38E+07,8,859,15009,B01002_001,41.2,0.3
Louisiana,Acadia Parish,2050,mhhw,7402,408729,0.0181,data not available,data not available,data not available,1,830,22001,B01002_001,36.7,0.4
Louisiana,Ascension Parish,2050,mhhw,34002,176920,0.1922,data not available,data not available,data not available,197,1483,22005,B01002_001,35.7,0.2
Louisiana,Assumption Parish,2050,mhhw,61875,155245,0.3986,data not available,data not available,data not available,1752,4647,22007,B01002_001,40.9,0.8
Louisiana,Avoyelles Parish,2050,mhhw,2,534513,0,data not available,data not available,data not available,0,318,22009,B01002_001,38.2,0.5
Louisiana,Calcasieu Parish,2050,mhhw,48174,644108,0.0748,data not available,data not available,data not available,244,4881,22019,B01002_001,36.1,0.2
Louisiana,Cameron Parish,2050,mhhw,607520,2282863,0.2661,data not available,data not available,data not available,616,3375,22023,B01002_001,44.1,1.9
Louisiana,Concordia Parish,2050,mhhw,36,469205,1e-4,data not available,data not available,data not available,2,589,22029,B01002_001,37.7,1
Louisiana,East Baton Rouge Parish,2050,mhhw,80,267417,3e-4,431,1646,2077,27,118,22033,B01002_001,34,0.2
Louisiana,Iberia Parish,2050,mhhw,117999,276483,0.4268,data not available,data not available,data not available,273,4396,22045,B01002_001,36.5,0.4
Louisiana,Iberville Parish,2050,mhhw,42499,392092,0.1084,data not available,data not available,data not available,142,1379,22047,B01002_001,38.4,0.7
Louisiana,Jefferson Parish,2050,mhhw,2357,131628,0.0179,data not available,data not available,data not available,905,2292,22051,B01002_001,39.4,0.3
Louisiana,Lafayette Parish,2050,mhhw,79,161192,5e-4,data not available,data not available,data not available,0,445,22055,B01002_001,35.2,0.1
Louisiana,Lafourche Parish,2050,mhhw,262831,431717,0.6088,data not available,data not available,data not available,1075,5432,22057,B01002_001,37.8,0.4
Louisiana,Livingston Parish,2050,mhhw,36036,361140,0.0998,data not available,data not available,data not available,1154,6255,22063,B01002_001,36.6,0.3
Louisiana,Orleans Parish,2050,mhhw,13151,96143,0.1368,6539701,0,6539701,185,1412,22071,B01002_001,36.8,0.2
Louisiana,Plaquemines Parish,2050,mhhw,65079,130877,0.4973,data not available,data not available,data not available,747,5124,22075,B01002_001,36.5,0.7
Louisiana,Pointe Coupee Parish,2050,mhhw,57,350852,2e-4,data not available,data not available,data not available,0,96,22077,B01002_001,43.1,0.7
Louisiana,St. Bernard Parish,2050,mhhw,47522,93445,0.5086,data not available,data not available,data not available,247,1555,22087,B01002_001,34.2,0.2
Louisiana,St. Charles Parish,2050,mhhw,88676,153751,0.5768,data not available,data not available,data not available,999,8573,22089,B01002_001,37.9,0.4
Louisiana,St. James Parish,2050,mhhw,64395,147579,0.4363,data not available,data not available,data not available,183,906,22093,B01002_001,39.2,0.7
Louisiana,St. John the Baptist Parish,2050,mhhw,47170,83700,0.5636,data not available,data not available,data not available,277,8119,22095,B01002_001,36.8,0.5
Louisiana,St. Martin Parish,2050,mhhw,30504,369762,0.0825,data not available,data not available,data not available,1161,3188,22099,B01002_001,37.7,0.5
Louisiana,St. Mary Parish,2050,mhhw,167201,309429,0.5404,data not available,data not available,data not available,1135,9650,22101,B01002_001,39,0.5
Louisiana,St. Tammany Parish,2050,mhhw,27628,340204,0.0812,6.62E+07,1.47E+08,2.14E+08,686,5105,22103,B01002_001,40.2,0.2
Louisiana,Tangipahoa Parish,2050,mhhw,54211,485951,0.1116,data not available,data not available,data not available,419,1873,22105,B01002_001,35.3,0.2
Louisiana,Terrebonne Parish,2050,mhhw,324472,423373,0.7664,data not available,data not available,data not available,5728,17098,22109,B01002_001,35.8,0.2
Louisiana,Vermilion Parish,2050,mhhw,253431,595532,0.4256,data not available,data not available,data not available,879,7034,22113,B01002_001,38,0.5
Louisiana,West Baton Rouge Parish,2050,mhhw,844,119638,0.0071,data not available,data not available,data not available,7,106,22121,B01002_001,36.3,0.8
Massachusetts,Barnstable,2050,mlw,500,927341,5e-4,1.74E+08,1.27E+07,1.87E+08,3,2644,25001,B01002_001,53.3,0.2
Massachusetts,Bristol,2050,mlw,519,468222,0.0011,4.66E+07,3077837,4.97E+07,4,1180,25005,B01002_001,41,0.2
Massachusetts,Dukes,2050,mlw,193,309386,6e-4,8.99E+07,5203126,9.51E+07,8,1805,25007,B01002_001,47.1,0.7
Massachusetts,Essex,2050,mlw,3,722116,0,108480,0,108480,0,12,25009,B01002_001,40.9,0.1
Massachusetts,Middlesex,2050,mlw,0,1449029,0,0,0,0,0,0,25017,B01002_001,38.5,0.2
Massachusetts,Nantucket,2050,mlw,376,30475,0.0123,1.48E+08,6386078,1.54E+08,1,770,25019,B01002_001,40.3,1.3
Massachusetts,Norfolk,2050,mlw,1,631840,0,40950,0,40950,0,2,25021,B01002_001,40.9,0.2
Massachusetts,Plymouth,2050,mlw,93,2151053,0,9340042,389994,9730036,0,384,25023,B01002_001,42.7,0.2
Massachusetts,Suffolk,2050,mlw,1,108088,0,242172,289600,531772,2,4,25025,B01002_001,32.8,0.2
Maryland,Dorchester,2050,mhw,34554,338325,0.1021,3.86E+07,5.78E+07,9.64E+07,492,3274,24019,B01002_001,44.6,0.3
Maryland,Somerset,2050,mhw,13082,195380,0.067,1.67E+07,4.52E+07,6.18E+07,717,2283,24039,B01002_001,36.2,0.6
Maryland,Worcester,2050,mhw,10753,291414,0.0369,1.12E+08,1.66E+08,2.78E+08,425,4017,24047,B01002_001,50.4,0.2
Maryland,Wicomico,2050,mhw,3417,231989,0.0147,6497724,7725727,1.42E+07,40,1226,24045,B01002_001,36.1,0.3
Maryland,Charles,2050,mhw,3325,287028,0.0116,1.82E+07,1.07E+07,2.89E+07,29,1187,24017,B01002_001,38.4,0.3
Maryland,St. Mary's,2050,mhw,1547,222461,0.007,5.41E+07,3.77E+07,9.18E+07,170,3775,24037,B01002_001,36.7,0.3
Maryland,Talbot,2050,mhw,1222,164172,0.0074,5.76E+07,3.00E+07,8.76E+07,68,3936,24041,B01002_001,50.5,0.2
Maryland,Caroline,2050,mhw,1216,198619,0.0061,5326335,836645,6162980,5,657,24011,B01002_001,39.7,0.4
Maryland,Kent,2050,mhw,924,173707,0.0053,1.50E+07,1.20E+07,2.71E+07,32,1241,24029,B01002_001,48.1,0.7
Maryland,Queen Anne's,2050,mhw,861,229254,0.0038,4.48E+07,2.77E+07,7.25E+07,51,3283,24035,B01002_001,44.4,0.3
Maryland,Anne Arundel,2050,mhw,631,240996,0.0026,1.82E+08,1.59E+08,3.41E+08,215,6426,24003,B01002_001,38.3,0.2
Maryland,Cecil,2050,mhw,615,213836,0.0029,1.06E+07,1.63E+07,2.69E+07,39,1733,24015,B01002_001,40.8,0.4
Maryland,Baltimore,2050,mhw,286,426504,7e-4,4.31E+07,5.72E+07,1.00E+08,120,2033,24005,B01002_001,39.4,0.1
Maryland,Calvert,2050,mhw,146,136610,0.0011,1.60E+07,4.31E+07,5.91E+07,82,1326,24009,B01002_001,40.7,0.3
Maryland,Prince George's,2050,mhw,119,458048,3e-4,1.09E+07,5.24E+07,6.33E+07,27,301,24033,B01002_001,37.1,0.1
Maryland,Harford,2050,mhw,109,229933,5e-4,3553510,1.21E+07,1.57E+07,28,174,24025,B01002_001,40.9,0.3
Maryland,Baltimore city,2050,mhw,41,122420,3e-4,7625583,3.55E+08,3.63E+08,36,207,24510,B01002_001,35.4,0.2
Maine,Cumberland,2050,mlw,0,530692,0,data not available,data not available,data not available,0,0,23005,B01002_001,42.2,0.2
Maine,Hancock,2050,mlw,0,1007750,0,0,0,0,0,0,23009,B01002_001,48.8,0.3
Maine,Knox,2050,mlw,0,199055,0,data not available,data not available,data not available,0,3,23013,B01002_001,48.4,0.3
Maine,Lincoln,2050,mlw,0,267303,0,0,0,0,0,0,23015,B01002_001,51,0.3
Maine,Sagadahoc,2050,mlw,11,159632,1e-4,22598,819,23417,0,21,23023,B01002_001,46.9,0.4
Maine,Washington,2050,mlw,0,1588296,0,data not available,data not available,data not available,0,1,23029,B01002_001,48.1,0.3
Maine,York,2050,mlw,31,513155,1e-4,0,0,0,3,27,23031,B01002_001,45.2,0.1
Mississippi,Hancock,2050,mhw,5649,320772,0.0176,6290823,3.03E+07,3.66E+07,204,1494,28045,B01002_001,44.4,0.4
Mississippi,Harrison,2050,mhw,1784,349903,0.0051,data not available,data not available,data not available,135,1810,28047,B01002_001,36.2,0.2
Mississippi,Jackson,2050,mhw,9962,430375,0.0231,3.49E+07,5.73E+07,9.22E+07,304,2943,28059,B01002_001,38.8,0.3
North Carolina,Beaufort,2050,mhw,7469,548720,0.0136,7.37E+07,5.57E+07,1.29E+08,245,5606,37013,B01002_001,46.2,0.4
North Carolina,Bertie,2050,mhw,19638,436400,0.045,1.05E+07,2443888,1.29E+07,22,591,37015,B01002_001,45.4,0.3
North Carolina,Bladen,2050,mhw,0,560927,0,0,0,0,0,0,37017,B01002_001,44.5,0.3
North Carolina,Brunswick,2050,mhw,4130,527709,0.0078,6.52E+07,2.38E+08,3.03E+08,812,1283,37019,B01002_001,53.8,0.2
North Carolina,Camden,2050,mhw,21780,150061,0.1451,3.97E+07,6793541,4.65E+07,46,1686,37029,B01002_001,41,2
North Carolina,Carteret,2050,mhw,20666,324466,0.0637,7.84E+08,2.04E+08,9.88E+08,806,7731,37031,B01002_001,48.6,0.2
North Carolina,Chowan,2050,mhw,5467,109700,0.0498,2.67E+07,5560755,3.22E+07,30,1175,37041,B01002_001,46,1.5
North Carolina,Columbus,2050,mhw,0,588547,0,0,0,0,0,0,37047,B01002_001,41.9,0.4
North Carolina,Craven,2050,mhw,10073,805345,0.0125,6.32E+07,5.57E+07,1.19E+08,102,3138,37049,B01002_001,37,0.3
North Carolina,Currituck,2050,mhw,31935,156715,0.2038,2.64E+08,6.55E+07,3.30E+08,395,4150,37053,B01002_001,42.8,0.7
North Carolina,Dare,2050,mhw,61477,231258,0.2658,5.20E+08,3.55E+08,8.74E+08,1259,5771,37055,B01002_001,46.5,0.6
North Carolina,Gates,2050,mhw,17754,214936,0.0826,5736291,1332790,7069081,5,150,37073,B01002_001,46.5,0.6
North Carolina,Halifax,2050,mhw,11,458161,0,data not available,data not available,data not available,1,15,37083,B01002_001,43.4,0.5
North Carolina,Hertford,2050,mhw,9478,339895,0.0279,9456606,2203043,1.17E+07,46,414,37091,B01002_001,42.2,0.6
North Carolina,Hyde,2050,mhw,26546,421421,0.063,1.13E+08,4.83E+07,1.61E+08,609,1313,37095,B01002_001,40.9,3.9
North Carolina,Jones,2050,mhw,1939,301178,0.0064,7540864,739735,8280599,3,337,37103,B01002_001,48.5,1.4
North Carolina,Lenoir,2050,mhw,2,247403,0,2729,0,2729,0,52,37107,B01002_001,42.7,0.4
North Carolina,Martin,2050,mhw,10907,285453,0.0382,data not available,data not available,data not available,3,185,37117,B01002_001,46.3,0.3
North Carolina,New Hanover,2050,mhw,8101,115460,0.0702,2.26E+08,3.08E+08,5.34E+08,657,1411,37129,B01002_001,39.1,0.3
North Carolina,Onslow,2050,mhw,6692,447459,0.015,3.20E+08,9.55E+07,4.15E+08,517,3219,37133,B01002_001,26.4,0.2
North Carolina,Pamlico,2050,mhw,10557,212275,0.0497,4.51E+07,6.25E+07,1.08E+08,239,4317,37137,B01002_001,52.4,0.4
North Carolina,Pasquotank,2050,mhw,10995,139939,0.0786,5.85E+07,2.10E+07,7.95E+07,178,2168,37139,B01002_001,38.6,0.8
North Carolina,Pender,2050,mhw,2613,541389,0.0048,1.02E+08,9.93E+07,2.01E+08,493,1309,37141,B01002_001,42.7,0.5
North Carolina,Perquimans,2050,mhw,8784,157045,0.0559,data not available,data not available,data not available,113,2726,37143,B01002_001,49.8,0.8
North Carolina,Pitt,2050,mhw,3118,402462,0.0077,3572230,153803,3726033,0,236,37147,B01002_001,32.5,0.2
North Carolina,Tyrrell,2050,mhw,77931,305181,0.2554,7.48E+07,1.58E+07,9.06E+07,226,1681,37177,B01002_001,46.2,3.5
North Carolina,Washington,2050,mhw,13529,239338,0.0565,1.11E+07,1668038,1.27E+07,8,716,37187,B01002_001,46.1,1.9
New Hampshire,Rockingham,2050,mlw,28,976289,0,6582901,2837171,9420072,3,107,33015,B01002_001,44.5,0.2
New Hampshire,Strafford,2050,mlw,46,657135,1e-4,1676841,268053,1944894,0,116,33017,B01002_001,36.9,0.3
New Jersey,Atlantic,2050,mhw,4175,332266,0.0126,1.31E+08,3.32E+08,4.62E+08,474,4198,34001,B01002_001,41.7,0.3
New Jersey,Bergen,2050,mhw,2121,130803,0.0162,2.51E+08,5.18E+08,7.70E+08,435,926,34003,B01002_001,41.9,0.1
New Jersey,Burlington,2050,mhw,1898,490618,0.0039,1.00E+07,8630514,1.86E+07,78,1677,34005,B01002_001,41.6,0.2
New Jersey,Camden,2050,mhw,296,126337,0.0023,1.50E+07,1.96E+08,2.11E+08,37,494,34007,B01002_001,38.8,0.2
New Jersey,Cape May,2050,mhw,4027,149215,0.027,2.34E+08,3.25E+08,5.59E+08,1431,8101,34009,B01002_001,49.6,0.2
New Jersey,Cumberland,2050,mhw,4284,297274,0.0144,8079887,1.83E+07,2.64E+07,273,1917,34011,B01002_001,37.6,0.2
New Jersey,Essex,2050,mhw,152,68577,0.0022,8.32E+07,3990389,8.72E+07,9,116,34013,B01002_001,37.6,0.1
New Jersey,Gloucester,2050,mhw,810,192120,0.0042,1.12E+07,4627810,1.58E+07,31,876,34015,B01002_001,40.5,0.2
New Jersey,Hudson,2050,mhw,4424,28684,0.1542,1.83E+09,5.70E+08,2.40E+09,296,786,34017,B01002_001,35.3,0.1
New Jersey,Mercer,2050,mhw,54,132306,4e-4,1341359,2.67E+07,2.80E+07,4,166,34021,B01002_001,38.8,0.2
New Jersey,Middlesex,2050,mhw,207,176925,0.0012,1.08E+07,4232191,1.50E+07,21,776,34023,B01002_001,38.6,0.2
New Jersey,Monmouth,2050,mhw,308,273660,0.0011,7.20E+07,5.59E+07,1.28E+08,164,2825,34025,B01002_001,43.3,0.2
New Jersey,Ocean,2050,mhw,6038,374381,0.0161,7.40E+08,4.79E+08,1.22E+09,2224,21474,34029,B01002_001,42.7,0.2
New Jersey,Passaic,2050,mhw,7,116046,1e-4,527660,4299155,4826815,2,35,34031,B01002_001,37.2,0.2
New Jersey,Salem,2050,mhw,4736,205485,0.023,7358398,2.55E+08,2.62E+08,602,1357,34033,B01002_001,42.1,0.4
New Jersey,Somerset,2050,mhw,13,180690,1e-4,1135537,16804,1152341,0,77,34035,B01002_001,41.7,0.2
New Jersey,Union,2050,mhw,303,55180,0.0055,2.83E+07,3.97E+07,6.80E+07,44,165,34039,B01002_001,38.7,0.2
New York,Albany,2050,mhw,15,320528,0,331192,874201,1205393,2,77,36001,B01002_001,37.8,0.2
New York,Bronx,2050,mhw,50,20007,0.0025,1.07E+07,data not available,1.07E+07,24,478,36005,B01002_001,34.2,0.1
New York,Columbia,2050,mhw,120,394207,3e-4,895153,879147,1774300,3,94,36021,B01002_001,48.2,0.3
New York,Dutchess,2050,mhw,133,496825,3e-4,3764886,6353889,1.01E+07,4,206,36027,B01002_001,42.2,0.2
New York,Greene,2050,mhw,78,425923,2e-4,341396,1005181,1346577,5,260,36039,B01002_001,45.9,0.4
New York,Kings,2050,mhw,133,32133,0.0041,9.89E+07,data not available,9.89E+07,70,492,36047,B01002_001,35.2,0.1
New York,Nassau,2050,mhw,1292,149883,0.0086,6788031,832967,7620998,353,5225,36059,B01002_001,41.7,0.1
New York,New York,2050,mhw,13,10344,0.0013,9.99E+07,data not available,9.99E+07,56,171,36061,B01002_001,37.5,0.1
New York,Orange,2050,mhw,35,508071,1e-4,1992455,data not available,1992455,8,124,36071,B01002_001,37,0.2
New York,Putnam,2050,mhw,34,158320,2e-4,547233,36023,583256,0,56,36079,B01002_001,44.2,0.2
New York,Queens,2050,mhw,338,51664,0.0065,2.16E+08,data not available,2.16E+08,211,1067,36081,B01002_001,39,0.2
New York,Rensselaer,2050,mhw,38,409415,1e-4,514995,2308394,2823389,1,120,36083,B01002_001,39.8,0.3
New York,Richmond,2050,mhw,119,29342,0.0041,1.99E+07,data not available,1.99E+07,18,394,36085,B01002_001,40.1,0.2
New York,Rockland,2050,mhw,69,105465,7e-4,4683290,4032798,8716088,22,324,36087,B01002_001,36,0.1
New York,Suffolk,2050,mhw,5492,526667,0.0104,4.58E+08,data not available,4.58E+08,893,17793,36103,B01002_001,41.5,0.1
New York,Ulster,2050,mhw,65,716788,1e-4,1974355,3093777,5068132,11,339,36111,B01002_001,44,0.1
New York,Westchester,2050,mhw,82,264870,3e-4,1.11E+07,1.65E+07,2.76E+07,44,641,36119,B01002_001,40.9,0.2
Oregon,Clackamas,2050,mhw,1,1204555,0,17415,0,17415,0,11,41005,B01002_001,41.5,0.2
Oregon,Clatsop,2050,mhw,356,663883,5e-4,data not available,data not available,data not available,0,1433,41007,B01002_001,44.2,0.4
Oregon,Columbia,2050,mhw,222,421831,5e-4,28982,25802,54784,0,978,41009,B01002_001,43.3,0.5
Oregon,Coos,2050,mhw,369,1344828,3e-4,3861490,598375,4459865,0,1844,41011,B01002_001,48.6,0.3
Oregon,Curry,2050,mhw,104,1334640,1e-4,1187083,44675,1231758,0,1135,41015,B01002_001,56.3,0.5
Oregon,Douglas,2050,mhw,116,5774674,0,485690,9675,495365,0,356,41019,B01002_001,47.1,0.3
Oregon,Lane,2050,mhw,208,2949766,1e-4,data not available,data not available,data not available,0,700,41039,B01002_001,39.4,0.2
Oregon,Lincoln,2050,mhw,287,799872,4e-4,data not available,data not available,data not available,0,1654,41041,B01002_001,51.6,0.3
Oregon,Multnomah,2050,mhw,27,268866,1e-4,5907041,2259696,8166737,0,588,41051,B01002_001,37.2,0.2
Oregon,Tillamook,2050,mhw,112,704301,2e-4,data not available,data not available,data not available,0,808,41057,B01002_001,48.1,0.5
Pennsylvania,Bucks,2050,mlw,229,367590,6e-4,237364,64639,302003,1,82,42017,B01002_001,43.9,0.2
Pennsylvania,Delaware,2050,mlw,464,105481,0.0044,data not available,data not available,data not available,6,304,42045,B01002_001,39,0.2
Pennsylvania,Philadelphia,2050,mlw,1488,92604,0.0161,5867584,3.51E+07,4.10E+07,37,327,42101,B01002_001,34.4,0.1
Rhode Island,Bristol,2050,mhw,64,14092,0.0046,data not available,data not available,data not available,3,630,44001,B01002_001,44.3,0.3
Rhode Island,Kent,2050,mhw,50,110384,5e-4,423800,1613500,2037300,5,919,44003,B01002_001,43.9,0.2
Rhode Island,Newport,2050,mhw,177,74176,0.0024,data not available,data not available,data not available,20,984,44005,B01002_001,45.2,0.3
Rhode Island,Providence,2050,mhw,111,271354,4e-4,2511804,743878,3255682,3,447,44007,B01002_001,37.4,0.1
Rhode Island,Washington,2050,mhw,518,201166,0.0026,data not available,data not available,data not available,14,3159,44009,B01002_001,44.6,0.3
South Carolina,Beaufort,2050,mhw,2561,247907,0.0103,2.73E+08,2.42E+07,2.97E+08,2,1297,45013,B01002_001,45.5,0.1
South Carolina,Charleston,2050,mhw,8072,688505,0.0117,data not available,data not available,data not available,31,4251,45019,B01002_001,37.8,0.2
South Carolina,Colleton,2050,mhw,7471,656773,0.0114,3.94E+07,2059210,4.14E+07,1,766,45029,B01002_001,42.5,0.6
South Carolina,Dorchester,2050,mhw,163,355406,5e-4,data not available,data not available,data not available,0,206,45035,B01002_001,37,0.3
South Carolina,Florence,2050,mhw,45,496364,1e-4,0,18,18,1,47,45041,B01002_001,39.2,0.4
South Carolina,Georgetown,2050,mhw,17210,509673,0.0338,data not available,data not available,data not available,8,2270,45043,B01002_001,49.5,0.2
South Carolina,Hampton,2050,mhw,173,363417,5e-4,data not available,data not available,data not available,0,26,45049,B01002_001,40,0.7
South Carolina,Horry,2050,mhw,7889,746747,0.0106,data not available,data not available,data not available,22,2230,45051,B01002_001,45.9,0.2
South Carolina,Jasper,2050,mhw,1893,407627,0.0046,data not available,data not available,data not available,0,348,45053,B01002_001,40.3,1.1
South Carolina,Marion,2050,mhw,152,306489,5e-4,95597,487,96084,0,55,45067,B01002_001,40.7,0.5
South Carolina,Williamsburg,2050,mhw,833,587589,0.0014,data not available,data not available,data not available,0,157,45089,B01002_001,43,0.5
Texas,Aransas,2050,mhhw,16961,168740,0.1005,data not available,data not available,data not available,443,3101,48007,B01002_001,50.6,1.2
Texas,Brazoria,2050,mhhw,62410,891054,0.07,5.40E+07,1.21E+09,1.26E+09,1203,13467,48039,B01002_001,35.8,0.1
Texas,Calhoun,2050,mhhw,10213,313130,0.0326,data not available,data not available,data not available,132,1946,48057,B01002_001,37.7,0.5
Texas,Cameron,2050,mhhw,18559,546129,0.034,2.87E+07,1.15E+08,1.44E+08,405,3983,48061,B01002_001,31.7,0.1
Texas,Chambers,2050,mhhw,47422,949477,0.0499,data not available,data not available,data not available,38,1528,48071,B01002_001,35.2,0.4
Texas,Fort Bend,2050,mhhw,4,566974,0,18594,3165,21759,0,32,48157,B01002_001,36.3,0.2
Texas,Galveston,2050,mhhw,26808,216683,0.1237,5.52E+08,1.82E+09,2.37E+09,4214,16528,48167,B01002_001,37.7,0.3
Texas,Hardin,2050,mhhw,170,569734,3e-4,data not available,data not available,data not available,0,12,48199,B01002_001,39.2,0.9
Texas,Harris,2050,mhhw,1665,1570775,0.0011,7.09E+07,7.86E+08,8.56E+08,289,3947,48201,B01002_001,33.5,0.1
Texas,Jackson,2050,mhhw,5497,642964,0.0085,data not available,data not available,data not available,3,657,48239,B01002_001,37.7,1
Texas,Jefferson,2050,mhhw,86681,557738,0.1554,data not available,data not available,data not available,205,2749,48245,B01002_001,36.2,0.2
Texas,Kenedy,2050,mhhw,6700,924024,0.0073,data not available,data not available,data not available,1,17,48261,B01002_001,39.7,25.1
Texas,Kleberg,2050,mhhw,3450,551696,0.0063,data not available,data not available,data not available,15,212,48273,B01002_001,28.3,0.5
Texas,Liberty,2050,mhhw,72,749565,1e-4,125952,246244,372196,2,224,48291,B01002_001,35.5,0.2
Texas,Matagorda,2050,mhhw,44495,693533,0.0642,6.27E+07,3.79E+07,1.01E+08,459,5163,48321,B01002_001,38.2,0.6
Texas,Nueces,2050,mhhw,4942,505179,0.0098,data not available,data not available,data not available,723,8245,48355,B01002_001,35.5,0.2
Texas,Orange,2050,mhhw,14048,242636,0.0579,1.20E+07,3.36E+07,4.56E+07,119,1386,48361,B01002_001,37.9,0.5
Texas,Refugio,2050,mhhw,5234,675115,0.0078,data not available,data not available,data not available,1,347,48391,B01002_001,43.3,1
Texas,San Patricio,2050,mhhw,4352,475665,0.0091,8.40E+07,2.12E+07,1.05E+08,76,975,48409,B01002_001,35.5,0.2
Texas,Victoria,2050,mhhw,148,551090,3e-4,data not available,data not available,data not available,1,52,48469,B01002_001,35.9,0.4
Texas,Willacy,2050,mhhw,20984,407362,0.0515,628205,3293948,3922153,29,384,48489,B01002_001,33,0.6
Virginia,Middlesex,2050,mlw,35614,116933,0.3046,4.57E+07,1.91E+07,6.48E+07,164,2560,51119,B01002_001,53.9,0.4
Virginia,Northumberland,2050,mlw,22476,185775,0.121,data not available,data not available,data not available,214,6055,51133,B01002_001,58.9,0.7
Virginia,Accomack,2050,mlw,13782,274707,0.0502,5.81E+07,3.80E+08,4.38E+08,84,7211,51001,B01002_001,45.9,0.6
Virginia,Virginia Beach city,2050,mlw,11190,155042,0.0722,data not available,data not available,data not available,116,5374,51810,B01002_001,36.2,0.1
Virginia,Northampton,2050,mlw,7303,115733,0.0631,4.11E+07,5514677,4.66E+07,8,2109,51131,B01002_001,49,1
Virginia,Chesapeake city,2050,mlw,4922,210026,0.0234,5.94E+07,1.09E+08,1.68E+08,37,2379,51550,B01002_001,36.9,0.2
Virginia,Lancaster,2050,mlw,1312,84220,0.0156,data not available,data not available,data not available,38,3586,51103,B01002_001,57.3,0.8
Virginia,Surry,2050,mlw,1111,178141,0.0062,4998123,767733,5765856,2,226,51181,B01002_001,49.8,0.2
Virginia,Isle of Wight,2050,mlw,743,200705,0.0037,6341955,3781498,1.01E+07,6,723,51093,B01002_001,44.3,0.3
Virginia,James City,2050,mlw,736,87471,0.0084,1.01E+07,1586203,1.17E+07,5,391,51095,B01002_001,46.5,0.4
Virginia,Richmond,2050,mlw,559,124061,0.0045,data not available,data not available,data not available,16,522,51159,B01002_001,47.3,1.5
Virginia,Prince George,2050,mlw,545,166830,0.0033,745969,382237,1128206,1,125,51149,B01002_001,37,0.4
Virginia,Essex,2050,mlw,493,165775,0.003,1217600,544764,1762364,13,319,51057,B01002_001,46.3,2
Virginia,Mathews,2050,mlw,430,56304,0.0076,1.18E+07,6178523,1.79E+07,22,1696,51115,B01002_001,54.5,1
Virginia,Poquoson city,2050,mlw,407,12915,0.0315,2.23E+07,6868092,2.91E+07,11,1044,51735,B01002_001,42.4,1.7
Virginia,York,2050,mlw,324,64976,0.005,4.01E+07,3.89E+07,7.90E+07,23,1456,51199,B01002_001,39.6,0.4
Virginia,Newport News city,2050,mlw,292,47150,0.0062,3.81E+07,9.71E+08,1.01E+09,31,795,51700,B01002_001,33.5,0.2
Virginia,Suffolk city,2050,mlw,292,297073,0.001,9923161,1.14E+07,2.13E+07,17,576,51800,B01002_001,38,0.3
Virginia,Hampton city,2050,mlw,290,28709,0.0101,2.24E+07,5.33E+08,5.55E+08,9,2272,51650,B01002_001,36.2,0.2
Virginia,King George,2050,mlw,274,115096,0.0024,data not available,data not available,data not available,5,328,51099,B01002_001,37.4,0.7
Virginia,Westmoreland,2050,mlw,274,143411,0.0019,data not available,data not available,data not available,133,1859,51193,B01002_001,48.6,0.7
Virginia,Charles City,2050,mlw,270,117924,0.0023,data not available,data not available,data not available,36,381,51036,B01002_001,50.8,0.3
Virginia,Prince William,2050,mlw,198,203995,0.001,data not available,data not available,data not available,12,105,51153,B01002_001,35.2,0.1
Virginia,King William,2050,mlw,178,172382,0.001,701721,69357,771078,0,273,51101,B01002_001,40.3,0.8
Virginia,Norfolk city,2050,mlw,178,23706,0.0075,4.88E+07,1.17E+08,1.66E+08,84,1975,51710,B01002_001,30.7,0.1
Virginia,New Kent,2050,mlw,164,130577,0.0013,data not available,data not available,data not available,1,251,51127,B01002_001,43.3,1.6
Virginia,Portsmouth city,2050,mlw,155,17890,0.0086,1.83E+07,4.29E+07,6.12E+07,36,1212,51740,B01002_001,35.3,0.2
Virginia,Gloucester,2050,mlw,154,152834,0.001,3821730,658382,4480112,2,470,51073,B01002_001,44.9,0.3
Virginia,Fairfax,2050,mlw,151,245901,6e-4,1167611,470765,1638376,22,558,51059,B01002_001,38,0.1
Virginia,Stafford,2050,mlw,122,168975,7e-4,2388665,754400,3143065,11,209,51179,B01002_001,35.5,0.2
Virginia,Caroline,2050,mlw,96,350531,3e-4,98731,36903,135634,0,39,51033,B01002_001,40.1,0.6
Virginia,Henrico,2050,mlw,78,230693,3e-4,710882,36161,747043,0,79,51087,B01002_001,38.8,0.3
Virginia,Chesterfield,2050,mlw,77,317680,2e-4,14,33927,33941,1,125,51041,B01002_001,38.9,0.3
Virginia,King and Queen,2050,mlw,66,200358,3e-4,268069,4471,272540,0,93,51097,B01002_001,46.7,1.5
Virginia,Hanover,2050,mlw,21,293708,1e-4,data not available,data not available,data not available,0,8,51085,B01002_001,42.7,0.3
Virginia,Alexandria city,2050,mlw,16,17079,9e-4,3108267,5321824,8430091,13,93,51510,B01002_001,36.8,0.2
Virginia,Richmond city,2050,mlw,11,45962,2e-4,1135238,38569,1173807,0,44,51760,B01002_001,34,0.1
Virginia,Colonial Heights city,2050,mlw,8,4041,0.0019,247432,61825,309257,0,46,51570,B01002_001,40.6,0.8
Virginia,Hopewell city,2050,mlw,7,9311,8e-4,189174,5066,194240,0,18,51670,B01002_001,36.2,0.8
Virginia,Williamsburg city,2050,mlw,7,5078,0.0015,data not available,data not available,data not available,0,15,51830,B01002_001,24.9,0.7
Virginia,Arlington,2050,mlw,5,12833,4e-4,data not available,data not available,data not available,0,7,51013,B01002_001,34.7,0.1
Virginia,Petersburg city,2050,mlw,1,12313,1e-4,13726,0,13726,0,8,51730,B01002_001,38.1,0.9
Washington,Clark,2050,mhw,29,460793,1e-4,2396536,162167,2558703,0,581,53011,B01002_001,38.4,0.1
Washington,Grays Harbor,2050,mhw,169,1202345,1e-4,1528769,4892974,6421743,0,1493,53027,B01002_001,44,0.3
Washington,Island,2050,mhw,35,129237,3e-4,1.18E+07,1013006,1.29E+07,0,4033,53029,B01002_001,44.2,0.4
Washington,Jefferson,2050,mhw,93,1151602,1e-4,1654908,1960274,3615182,0,1483,53031,B01002_001,58.3,0.7
Washington,King,2050,mhw,67,1337958,1e-4,1.69E+08,3.95E+07,2.08E+08,2,6479,53033,B01002_001,37,0.1
Washington,Pacific,2050,mhw,954,588757,0.0016,data not available,data not available,data not available,0,4224,53049,B01002_001,53.6,0.4
Washington,Pierce,2050,mhw,76,670296,1e-4,3.29E+07,3040559,3.59E+07,0,5690,53053,B01002_001,36.1,0.2
Washington,San Juan,2050,mhw,29,102656,3e-4,5234150,2348323,7582473,0,3386,53055,B01002_001,56.6,0.2
Washington,Skamania,2050,mhw,5,1064596,0,12774,1,12775,0,32,53059,B01002_001,46.6,0.5
Washington,Snohomish,2050,mhw,82,4316779,0,8922095,603100,9525195,0,2012,53061,B01002_001,38,0.2
Washington,Wahkiakum,2050,mhw,130,166497,8e-4,415315,34445,449760,0,632,53069,B01002_001,55.1,1.7
